{
  "format_version": "1.8.0",
  "animations": {
    "uppercut": {
      "animation_length": 1.375,
      "bones": {
        "body": {
          "rotation": {
            "0.0": {
              "vector": [0, 0, 0]
            },
            "0.375": {
              "vector": [0, 30, 0]
            },
            "0.5833": {
              "vector": [0, -35.21, 0]
            },
            "1.0": {
              "vector": [0, -147.88, 0]
            },
            "1.2917": {
              "vector": [0, -147.88, 0]
            }
          },
          "position": {
            "0.0": {
              "vector": [0, 0, 0]
            },
            "0.5417": {
              "vector": [0, 0, 0]
            },
            "0.625": {
              "vector": [0, 6, 0]
            },
            "1.0": {
              "vector": [0, -4, 0]
            },
            "1.125": {
              "vector": [0, -4, 0]
            },
            "1.2917": {
              "vector": [0, 0, 0]
            }
          },
          "scale": {
            "vector": [1, 1, 1]
          }
        },
        "head": {
          "rotation": {
            "0.0": {
              "vector": [0, 0, 0]
            },
            "0.3333": {
              "vector": [51.90131, 32.19021, 14.36798]
            },
            "0.4167": {
              "vector": [51.90131, 32.19021, 14.36798]
            },
            "0.5417": {
              "vector": [0, 0, 0]
            },
            "0.625": {
              "vector": [-29.32028, 21.03433, -3.47094]
            },
            "1.0833": {
              "vector": [22.5, 20, 0]
            },
            "1.2917": {
              "vector": [0, 0, 0]
            }
          },
          "position": {
            "0.0": {
              "vector": [0, 0, 0]
            },
            "0.3333": {
              "vector": [0, -2, -6]
            },
            "0.4167": {
              "vector": [0, -2, -6]
            },
            "0.5417": {
              "vector": [0, 0, -4]
            },
            "1.0833": {
              "vector": [0, 0, -5.5]
            }
          }
        },
        "torso": {
          "rotation": {
            "0.0": {
              "vector": [0, 0, 0]
            },
            "0.2917": {
              "vector": [30.77746, 14.362, 5.38554]
            },
            "0.4167": {
              "vector": [30.77746, 14.362, 5.38554]
            },
            "0.5417": {
              "vector": [-1.72, 14.36, 5.39]
            },
            "0.75": {
              "vector": [-1.72, 14.36, 5.39]
            },
            "1.0": {
              "vector": [17.70435, -2.29674, -0.02653]
            },
            "1.2917": {
              "vector": [0, -2.3, -0.03]
            }
          },
          "position": {
            "0.0": {
              "vector": [0, 0, 0]
            },
            "0.2917": {
              "vector": [0, -2, -6]
            },
            "0.4167": {
              "vector": [0, -2, -6]
            },
            "0.5417": {
              "vector": [0, 0, -4]
            },
            "0.75": {
              "vector": [0, 0, -4]
            },
            "1.0": {
              "vector": [0, 0, -6]
            },
            "1.2917": {
              "vector": [0, 0, -5]
            }
          }
        },
        "rightArm": {
          "rotation": {
            "0.0": {
              "vector": [0, 0, 0]
            },
            "0.2917": {
              "vector": [-74.65429, 79.63231, -42.975]
            },
            "0.4167": {
              "vector": [-74.65429, 79.63231, -42.975]
            },
            "0.5417": {
              "vector": [-94.75736, -2.6594, -42.52526]
            },
            "0.625": {
              "vector": [-146.32487, -49.56513, -28.17263]
            },
            "0.9583": {
              "vector": [-8.44174, -2.21558, 5.48862]
            },
            "1.0417": {
              "vector": [18.42438, -5.44049, 14.97974]
            },
            "1.2917": {
              "vector": [0, 0, 0]
            }
          },
          "position": {
            "0.0": {
              "vector": [0, 0, 0]
            },
            "0.2917": {
              "vector": [1, 0, 0]
            },
            "0.4167": {
              "vector": [1, 0, 0]
            },
            "0.5417": {
              "vector": [-1, -1, -4]
            },
            "0.625": {
              "vector": [-1, -1, -4]
            },
            "0.9583": {
              "vector": [0, 0, -6]
            },
            "1.0417": {
              "vector": [0, 0, -6]
            },
            "1.2917": {
              "vector": [0, 0, -6]
            }
          }
        },
        "leftArm": {
          "rotation": {
            "0.0": {
              "vector": [0, 0, 0]
            },
            "0.2917": {
              "vector": [-33.73499, 9.93191, 51.98174]
            },
            "0.4167": {
              "vector": [-33.73499, 9.93191, 51.98174]
            },
            "0.5417": {
              "vector": [-82.65393, -53.29306, 47.67495]
            },
            "0.625": {
              "vector": [82.56867, -53.75358, -120.42119]
            },
            "0.9583": {
              "vector": [-11.20496, -17.47456, -6.81461]
            },
            "1.0417": {
              "vector": [29.60749, -10.4042, -20.45506]
            },
            "1.2917": {
              "vector": [0, 0, 0]
            }
          },
          "position": {
            "0.0": {
              "vector": [0, 0, 0]
            },
            "0.2917": {
              "vector": [0, -3, -6]
            },
            "0.4167": {
              "vector": [0, -3, -6]
            },
            "0.5417": {
              "vector": [-3, -1, -1]
            },
            "0.9583": {
              "vector": [0, -1, -5]
            },
            "1.0417": {
              "vector": [0, -1, -5]
            },
            "1.2917": {
              "vector": [0, -1, -5]
            }
          }
        },
        "leftLeg": {
          "rotation": {
            "0.0": {
              "vector": [0, 0, 0]
            },
            "0.25": {
              "vector": [0, 12.5, 0]
            },
            "0.4167": {
              "vector": [0, 12.5, 0]
            },
            "0.5417": {
              "vector": [0, 12.5, 0]
            },
            "0.625": {
              "vector": [13.2625, 14.33375, -7.47708]
            },
            "0.875": {
              "vector": [-4.58, 13.24, -12.5]
            },
            "1.0417": {
              "vector": [-13.50095, 12.68888, -15.00709]
            },
            "1.2917": {
              "vector": [0, 0, 0]
            }
          },
          "position": {
            "0.0": {
              "vector": [0, 0, 0]
            },
            "0.25": {
              "vector": [0, 0, -3]
            },
            "0.4167": {
              "vector": [0, 0, -3]
            },
            "0.5417": {
              "vector": [-1, 0, -5]
            },
            "0.625": {
              "vector": [-1, 0, -5]
            },
            "0.875": {
              "vector": [-0.33, 0, -3.67]
            },
            "1.0417": {
              "vector": [0, 5, -6]
            },
            "1.2917": {
              "vector": [0, 0, -5]
            }
          }
        },
        "rightLeg": {
          "rotation": {
            "0.0": {
              "vector": [0, 0, 0]
            },
            "0.25": {
              "vector": [20.62736, 22.54632, 7.74629]
            },
            "0.4167": {
              "vector": [20.62736, 22.54632, 7.74629]
            },
            "0.5417": {
              "vector": [0.63, 22.55, 7.75]
            },
            "0.625": {
              "vector": [16.84944, 13.9557, 10.58783]
            },
            "0.875": {
              "vector": [16.84944, 13.9557, 10.58783]
            },